{
  "sample":{
    "0":{
      "q_0_0":0,
      "q_0_1":0,
      "q_0_2":1,
      "q_10_0":0,
      "q_10_1":0,
      "q_10_2":1,
      "q_11_0":1,
      "q_11_1":0,
      "q_11_2":0,
      "q_12_0":0,
      "q_12_1":0,
      "q_12_2":1,
      "q_13_0":1,
      "q_13_1":0,
      "q_13_2":0,
      "q_14_0":0,
      "q_14_1":1,
      "q_14_2":0,
      "q_15_0":0,
      "q_15_1":1,
      "q_15_2":0,
      "q_1_0":0,
      "q_1_1":1,
      "q_1_2":0,
      "q_2_0":0,
      "q_2_1":0,
      "q_2_2":1,
      "q_3_0":1,
      "q_3_1":0,
      "q_3_2":0,
      "q_4_0":0,
      "q_4_1":0,
      "q_4_2":1,
      "q_5_0":0,
      "q_5_1":0,
      "q_5_2":1,
      "q_6_0":1,
      "q_6_1":0,
      "q_6_2":0,
      "q_7_0":0,
      "q_7_1":1,
      "q_7_2":0,
      "q_8_0":1,
      "q_8_1":0,
      "q_8_2":0,
      "q_9_0":0,
      "q_9_1":1,
      "q_9_2":0
    },
    "1":{
      "q_0_0":0,
      "q_0_1":0,
      "q_0_2":1,
      "q_10_0":0,
      "q_10_1":1,
      "q_10_2":0,
      "q_11_0":1,
      "q_11_1":0,
      "q_11_2":0,
      "q_12_0":0,
      "q_12_1":1,
      "q_12_2":0,
      "q_13_0":1,
      "q_13_1":0,
      "q_13_2":0,
      "q_14_0":0,
      "q_14_1":1,
      "q_14_2":0,
      "q_15_0":0,
      "q_15_1":0,
      "q_15_2":1,
      "q_1_0":0,
      "q_1_1":0,
      "q_1_2":1,
      "q_2_0":0,
      "q_2_1":0,
      "q_2_2":1,
      "q_3_0":1,
      "q_3_1":0,
      "q_3_2":0,
      "q_4_0":0,
      "q_4_1":0,
      "q_4_2":1,
      "q_5_0":0,
      "q_5_1":0,
      "q_5_2":1,
      "q_6_0":1,
      "q_6_1":0,
      "q_6_2":0,
      "q_7_0":0,
      "q_7_1":1,
      "q_7_2":0,
      "q_8_0":1,
      "q_8_1":0,
      "q_8_2":0,
      "q_9_0":0,
      "q_9_1":1,
      "q_9_2":0
    },
    "2":{
      "q_0_0":0,
      "q_0_1":0,
      "q_0_2":1,
      "q_10_0":0,
      "q_10_1":0,
      "q_10_2":1,
      "q_11_0":1,
      "q_11_1":0,
      "q_11_2":0,
      "q_12_0":0,
      "q_12_1":0,
      "q_12_2":1,
      "q_13_0":1,
      "q_13_1":0,
      "q_13_2":0,
      "q_14_0":0,
      "q_14_1":0,
      "q_14_2":1,
      "q_15_0":0,
      "q_15_1":1,
      "q_15_2":0,
      "q_1_0":0,
      "q_1_1":0,
      "q_1_2":1,
      "q_2_0":0,
      "q_2_1":0,
      "q_2_2":1,
      "q_3_0":1,
      "q_3_1":0,
      "q_3_2":0,
      "q_4_0":0,
      "q_4_1":1,
      "q_4_2":0,
      "q_5_0":0,
      "q_5_1":1,
      "q_5_2":0,
      "q_6_0":1,
      "q_6_1":0,
      "q_6_2":0,
      "q_7_0":0,
      "q_7_1":1,
      "q_7_2":0,
      "q_8_0":1,
      "q_8_1":0,
      "q_8_2":0,
      "q_9_0":0,
      "q_9_1":1,
      "q_9_2":0
    }
  },
  "energy":{
    "0":-3.9893913269,
    "1":-3.9893913269,
    "2":-3.9893913269
  },
  "num_occurrences":{
    "0":1,
    "1":1,
    "2":1
  }
}