{
  "sample":{
    "5":{
      "0":0,
      "1":1,
      "2":1,
      "3":0,
      "4":0,
      "5":1,
      "6":0,
      "7":0,
      "8":1,
      "9":0,
      "10":1,
      "11":0,
      "12":0,
      "13":1,
      "14":0,
      "15":0,
      "16":0,
      "17":1,
      "18":0,
      "19":0,
      "20":1,
      "21":0,
      "22":0,
      "23":0,
      "24":1,
      "25":0,
      "26":0,
      "27":0,
      "28":0,
      "29":0,
      "30":0,
      "31":1
    },
    "0":{
      "0":0,
      "1":1,
      "2":1,
      "3":0,
      "4":1,
      "5":0,
      "6":0,
      "7":0,
      "8":1,
      "9":0,
      "10":0,
      "11":1,
      "12":0,
      "13":1,
      "14":0,
      "15":0,
      "16":0,
      "17":1,
      "18":0,
      "19":0,
      "20":1,
      "21":0,
      "22":1,
      "23":0,
      "24":0,
      "25":0,
      "26":0,
      "27":0,
      "28":0,
      "29":0,
      "30":0,
      "31":1
    },
    "1":{
      "0":0,
      "1":0,
      "2":1,
      "3":0,
      "4":0,
      "5":0,
      "6":0,
      "7":0,
      "8":1,
      "9":0,
      "10":1,
      "11":0,
      "12":0,
      "13":1,
      "14":0,
      "15":1,
      "16":0,
      "17":1,
      "18":0,
      "19":1,
      "20":1,
      "21":0,
      "22":0,
      "23":0,
      "24":1,
      "25":0,
      "26":0,
      "27":0,
      "28":0,
      "29":0,
      "30":0,
      "31":1
    },
    "2":{
      "0":0,
      "1":0,
      "2":0,
      "3":1,
      "4":0,
      "5":0,
      "6":1,
      "7":0,
      "8":0,
      "9":1,
      "10":0,
      "11":1,
      "12":1,
      "13":0,
      "14":0,
      "15":0,
      "16":1,
      "17":0,
      "18":0,
      "19":1,
      "20":0,
      "21":1,
      "22":1,
      "23":0,
      "24":0,
      "25":0,
      "26":1,
      "27":0,
      "28":0,
      "29":0,
      "30":0,
      "31":0
    },
    "3":{
      "0":0,
      "1":0,
      "2":0,
      "3":1,
      "4":0,
      "5":1,
      "6":1,
      "7":0,
      "8":0,
      "9":1,
      "10":0,
      "11":1,
      "12":1,
      "13":0,
      "14":0,
      "15":0,
      "16":1,
      "17":0,
      "18":0,
      "19":0,
      "20":0,
      "21":1,
      "22":1,
      "23":0,
      "24":0,
      "25":0,
      "26":1,
      "27":0,
      "28":0,
      "29":0,
      "30":0,
      "31":0
    },
    "4":{
      "0":0,
      "1":0,
      "2":0,
      "3":1,
      "4":0,
      "5":0,
      "6":1,
      "7":0,
      "8":0,
      "9":1,
      "10":0,
      "11":1,
      "12":1,
      "13":0,
      "14":0,
      "15":0,
      "16":1,
      "17":0,
      "18":0,
      "19":1,
      "20":0,
      "21":1,
      "22":1,
      "23":0,
      "24":0,
      "25":0,
      "26":1,
      "27":0,
      "28":0,
      "29":0,
      "30":0,
      "31":0
    }
  },
  "energy":{
    "5":-102.7178401947,
    "0":-102.7178401947,
    "1":-102.7178401947,
    "2":-99.4644818306,
    "3":-99.4644818306,
    "4":-99.4644818306
  },
  "num_occurrences":{
    "5":1,
    "0":1,
    "1":1,
    "2":1,
    "3":1,
    "4":1
  }
}