{
  "sample":{
    "0":{
      "0":0,
      "1":0,
      "2":1,
      "3":0,
      "4":1,
      "5":0,
      "6":0,
      "7":1,
      "8":1,
      "9":0,
      "10":0,
      "11":0,
      "12":0,
      "13":1,
      "14":0,
      "15":0,
      "16":0,
      "17":1,
      "18":1,
      "19":0,
      "20":1,
      "21":0,
      "22":0,
      "23":1,
      "24":0,
      "25":0,
      "26":0,
      "27":1,
      "28":0,
      "29":0,
      "30":0,
      "31":0
    },
    "1":{
      "0":0,
      "1":0,
      "2":1,
      "3":0,
      "4":1,
      "5":0,
      "6":0,
      "7":1,
      "8":1,
      "9":0,
      "10":0,
      "11":0,
      "12":0,
      "13":1,
      "14":0,
      "15":0,
      "16":0,
      "17":1,
      "18":1,
      "19":0,
      "20":1,
      "21":0,
      "22":0,
      "23":1,
      "24":0,
      "25":0,
      "26":0,
      "27":1,
      "28":0,
      "29":0,
      "30":0,
      "31":0
    },
    "2":{
      "0":0,
      "1":0,
      "2":1,
      "3":0,
      "4":1,
      "5":0,
      "6":0,
      "7":1,
      "8":1,
      "9":0,
      "10":0,
      "11":0,
      "12":0,
      "13":1,
      "14":0,
      "15":0,
      "16":0,
      "17":1,
      "18":0,
      "19":0,
      "20":1,
      "21":0,
      "22":0,
      "23":1,
      "24":0,
      "25":0,
      "26":0,
      "27":1,
      "28":0,
      "29":0,
      "30":1,
      "31":0
    }
  },
  "energy":{
    "0":-99.5190596581,
    "1":-99.5190596581,
    "2":-99.5190596581
  },
  "num_occurrences":{
    "0":1,
    "1":1,
    "2":1
  }
}