{
  "sample":{
    "4":{
      "0":1,
      "1":0,
      "2":1,
      "3":0,
      "4":1,
      "5":0,
      "6":0,
      "7":1,
      "8":0,
      "9":0,
      "10":0,
      "11":0,
      "12":0,
      "13":1,
      "14":0,
      "15":0,
      "16":0,
      "17":1,
      "18":0,
      "19":0,
      "20":0,
      "21":0,
      "22":0,
      "23":1,
      "24":0,
      "25":0,
      "26":0,
      "27":1,
      "28":1,
      "29":0,
      "30":1,
      "31":0
    },
    "0":{
      "0":1,
      "1":0,
      "2":0,
      "3":0,
      "4":1,
      "5":0,
      "6":0,
      "7":1,
      "8":1,
      "9":0,
      "10":1,
      "11":0,
      "12":0,
      "13":1,
      "14":0,
      "15":0,
      "16":0,
      "17":1,
      "18":0,
      "19":0,
      "20":0,
      "21":0,
      "22":0,
      "23":1,
      "24":0,
      "25":0,
      "26":0,
      "27":1,
      "28":0,
      "29":0,
      "30":1,
      "31":0
    },
    "1":{
      "0":0,
      "1":0,
      "2":0,
      "3":0,
      "4":0,
      "5":0,
      "6":0,
      "7":1,
      "8":1,
      "9":0,
      "10":1,
      "11":0,
      "12":0,
      "13":1,
      "14":1,
      "15":0,
      "16":0,
      "17":1,
      "18":1,
      "19":0,
      "20":0,
      "21":0,
      "22":0,
      "23":1,
      "24":0,
      "25":0,
      "26":0,
      "27":1,
      "28":0,
      "29":0,
      "30":1,
      "31":0
    },
    "2":{
      "0":0,
      "1":0,
      "2":0,
      "3":1,
      "4":0,
      "5":0,
      "6":1,
      "7":0,
      "8":0,
      "9":1,
      "10":0,
      "11":1,
      "12":1,
      "13":0,
      "14":0,
      "15":0,
      "16":1,
      "17":0,
      "18":0,
      "19":0,
      "20":0,
      "21":1,
      "22":1,
      "23":0,
      "24":0,
      "25":0,
      "26":1,
      "27":0,
      "28":0,
      "29":1,
      "30":0,
      "31":0
    },
    "3":{
      "0":0,
      "1":0,
      "2":0,
      "3":1,
      "4":1,
      "5":0,
      "6":0,
      "7":0,
      "8":0,
      "9":1,
      "10":1,
      "11":0,
      "12":0,
      "13":0,
      "14":0,
      "15":0,
      "16":0,
      "17":0,
      "18":1,
      "19":0,
      "20":0,
      "21":1,
      "22":1,
      "23":0,
      "24":0,
      "25":1,
      "26":0,
      "27":0,
      "28":0,
      "29":1,
      "30":1,
      "31":0
    }
  },
  "energy":{
    "4":-108.9353356361,
    "0":-108.9353356361,
    "1":-108.9353356361,
    "2":-100.5132408142,
    "3":-97.8352432251
  },
  "num_occurrences":{
    "4":1,
    "0":1,
    "1":1,
    "2":1,
    "3":1
  }
}