{
  "sample":{
    "2":{
      "0":0,
      "1":0,
      "2":1,
      "3":0,
      "4":0,
      "5":0,
      "6":0,
      "7":1,
      "8":1,
      "9":0,
      "10":1,
      "11":0,
      "12":0,
      "13":0,
      "14":1,
      "15":0,
      "16":1,
      "17":0,
      "18":0,
      "19":1,
      "20":1,
      "21":0,
      "22":0,
      "23":1,
      "24":1,
      "25":0,
      "26":0,
      "27":0,
      "28":0,
      "29":0,
      "30":0,
      "31":1,
      "32":0,
      "33":1,
      "34":0,
      "35":1,
      "36":0,
      "37":0,
      "38":0,
      "39":1,
      "40":0,
      "41":0,
      "42":0,
      "43":1,
      "44":0,
      "45":0,
      "46":0,
      "47":1,
      "48":0,
      "49":0
    },
    "0":{
      "0":0,
      "1":0,
      "2":1,
      "3":0,
      "4":0,
      "5":0,
      "6":1,
      "7":0,
      "8":1,
      "9":0,
      "10":1,
      "11":0,
      "12":1,
      "13":0,
      "14":0,
      "15":0,
      "16":1,
      "17":0,
      "18":0,
      "19":1,
      "20":0,
      "21":1,
      "22":0,
      "23":1,
      "24":0,
      "25":0,
      "26":0,
      "27":1,
      "28":0,
      "29":0,
      "30":0,
      "31":1,
      "32":0,
      "33":0,
      "34":0,
      "35":1,
      "36":0,
      "37":0,
      "38":0,
      "39":0,
      "40":0,
      "41":0,
      "42":0,
      "43":1,
      "44":0,
      "45":1,
      "46":0,
      "47":1,
      "48":1,
      "49":0
    },
    "1":{
      "0":0,
      "1":0,
      "2":1,
      "3":0,
      "4":0,
      "5":0,
      "6":0,
      "7":0,
      "8":1,
      "9":0,
      "10":1,
      "11":0,
      "12":1,
      "13":0,
      "14":1,
      "15":0,
      "16":1,
      "17":0,
      "18":0,
      "19":1,
      "20":1,
      "21":0,
      "22":0,
      "23":1,
      "24":0,
      "25":0,
      "26":0,
      "27":0,
      "28":0,
      "29":0,
      "30":0,
      "31":1,
      "32":0,
      "33":1,
      "34":0,
      "35":1,
      "36":0,
      "37":0,
      "38":0,
      "39":1,
      "40":0,
      "41":0,
      "42":0,
      "43":1,
      "44":0,
      "45":0,
      "46":0,
      "47":1,
      "48":0,
      "49":1
    }
  },
  "energy":{
    "2":-270.5876045227,
    "0":-270.5876045227,
    "1":-270.5876045227
  },
  "num_occurrences":{
    "2":1,
    "0":1,
    "1":1
  }
}