[
    {
        "NAME":"Small_lattice_1",
        "N_X": 4,
        "N_Y": 4,
        "DICT_SIZE": 3,
        "COMPOSITION":[5,5,6],
        "TARGET_STRUCTURE": 21,
        "PROBABILITY_THRESHOLD": 0.8,
        "MODE": "slow",        
        "MAX_CYCLES":20,
        "SA_ON":0,
        "HQA_ON":1
    },
    {
        "NAME":"Small_lattice_2",
        "N_X": 4,
        "N_Y": 4,
        "DICT_SIZE": 3,
        "COMPOSITION":[4,5,7],
        "TARGET_STRUCTURE": 17,
        "PROBABILITY_THRESHOLD": 0.9,
        "MODE": "slow",
        "MAX_CYCLES":20,
        "QA_ON":0,
        "SA_ON":0,
        "HQA_ON":1
    },
    {
        "NAME":"Intermediate_lattice_1",
        "N_X": 5,
        "N_Y": 4,
        "DICT_SIZE": 3,
        "COMPOSITION":[6,6,8],
        "TARGET_STRUCTURE": 74,
        "PROBABILITY_THRESHOLD": 0.8,
        "MODE": "slow",
        "MAX_CYCLES":20,
        "QA_ON":0,
        "SA_ON":0,
        "HQA_ON":1
    },
    {
        "NAME":"Intermediate_lattice_2",
        "N_X": 5,
        "N_Y": 4,
        "DICT_SIZE": 3,
        "COMPOSITION":[6,7,7],
        "TARGET_STRUCTURE": 74,
        "PROBABILITY_THRESHOLD": 0.9,
        "MODE": "slow",
        "MAX_CYCLES":20,
        "QA_ON":0,
        "SA_ON":0,
        "HQA_ON":1
    },
    {
        "NAME":"Large_lattice_1",
        "N_X": 5,
        "N_Y": 5,
        "DICT_SIZE": 3,
        "COMPOSITION":[7,9,9],
        "TARGET_STRUCTURE": 176,
        "PROBABILITY_THRESHOLD": 0.8,
        "MODE": "slow",
        "MAX_CYCLES":5,
        "QA_ON":0,
        "SA_ON":0,
        "HQA_ON":1
    },
    
    {
        "NAME":"ExtraLarge_lattice",
        "N_X": 6,
        "N_Y": 6,
        "DICT_SIZE": 3,
        "COMPOSITION":[12, 18, 6],
        "TARGET_STRUCTURE": 26148,
        "PROBABILITY_THRESHOLD": 0.8,
        "MODE": "slow",
        "MAX_CYCLES": 10,
        "QA_ON":0,
        "SA_ON":0,
        "HQA_ON":1
    }
]

