{
  "sample":{
    "0":{
      "0":1,
      "1":0,
      "2":0,
      "3":1,
      "4":1,
      "5":0,
      "6":0,
      "7":1,
      "8":0,
      "9":0,
      "10":0,
      "11":1,
      "12":0,
      "13":1,
      "14":0,
      "15":1,
      "16":0,
      "17":0,
      "18":1,
      "19":0,
      "20":0,
      "21":0,
      "22":0,
      "23":0,
      "24":0,
      "25":1,
      "26":0,
      "27":0,
      "28":1,
      "29":0,
      "30":1,
      "31":0,
      "32":0,
      "33":1,
      "34":0,
      "35":0,
      "36":0,
      "37":1,
      "38":0,
      "39":0,
      "40":1,
      "41":0,
      "42":1,
      "43":0,
      "44":0,
      "45":1,
      "46":0,
      "47":0,
      "48":0,
      "49":0
    },
    "1":{
      "0":1,
      "1":0,
      "2":0,
      "3":1,
      "4":1,
      "5":0,
      "6":0,
      "7":1,
      "8":0,
      "9":0,
      "10":0,
      "11":1,
      "12":0,
      "13":0,
      "14":0,
      "15":1,
      "16":0,
      "17":0,
      "18":1,
      "19":0,
      "20":0,
      "21":0,
      "22":0,
      "23":0,
      "24":0,
      "25":1,
      "26":0,
      "27":1,
      "28":1,
      "29":0,
      "30":1,
      "31":0,
      "32":0,
      "33":0,
      "34":0,
      "35":0,
      "36":0,
      "37":1,
      "38":0,
      "39":0,
      "40":1,
      "41":0,
      "42":1,
      "43":0,
      "44":0,
      "45":1,
      "46":0,
      "47":0,
      "48":0,
      "49":1
    },
    "2":{
      "0":1,
      "1":0,
      "2":0,
      "3":0,
      "4":1,
      "5":0,
      "6":0,
      "7":1,
      "8":0,
      "9":1,
      "10":0,
      "11":1,
      "12":0,
      "13":0,
      "14":0,
      "15":1,
      "16":0,
      "17":1,
      "18":1,
      "19":0,
      "20":0,
      "21":0,
      "22":0,
      "23":0,
      "24":0,
      "25":1,
      "26":0,
      "27":0,
      "28":1,
      "29":0,
      "30":1,
      "31":0,
      "32":0,
      "33":1,
      "34":0,
      "35":0,
      "36":0,
      "37":1,
      "38":0,
      "39":1,
      "40":1,
      "41":0,
      "42":1,
      "43":0,
      "44":0,
      "45":0,
      "46":0,
      "47":0,
      "48":0,
      "49":0
    }
  },
  "energy":{
    "0":-5.314721184,
    "1":-5.2965310565,
    "2":-5.233370674
  },
  "num_occurrences":{
    "0":1,
    "1":1,
    "2":1
  }
}