{
  "sample":{
    "2":{
      "0":1,
      "1":0,
      "2":0,
      "3":0,
      "4":0,
      "5":1,
      "6":1,
      "7":0,
      "8":1,
      "9":0,
      "10":0,
      "11":0,
      "12":0,
      "13":0,
      "14":1,
      "15":0,
      "16":0,
      "17":1,
      "18":0,
      "19":1,
      "20":0,
      "21":1,
      "22":0,
      "23":1,
      "24":0,
      "25":1,
      "26":0,
      "27":1,
      "28":0,
      "29":1,
      "30":0,
      "31":1,
      "32":0,
      "33":1,
      "34":1,
      "35":0,
      "36":0,
      "37":1,
      "38":1,
      "39":0,
      "40":0,
      "41":0,
      "42":0,
      "43":1,
      "44":0,
      "45":1,
      "46":0,
      "47":1,
      "48":0,
      "49":1,
      "50":0,
      "51":1,
      "52":1,
      "53":0,
      "54":0,
      "55":1,
      "56":1,
      "57":0,
      "58":1,
      "59":0,
      "60":1,
      "61":0,
      "62":0,
      "63":0,
      "64":1,
      "65":0,
      "66":0,
      "67":1,
      "68":0,
      "69":0,
      "70":1,
      "71":0
    },
    "0":{
      "0":1,
      "1":0,
      "2":0,
      "3":0,
      "4":0,
      "5":1,
      "6":1,
      "7":0,
      "8":1,
      "9":0,
      "10":0,
      "11":0,
      "12":0,
      "13":0,
      "14":1,
      "15":0,
      "16":0,
      "17":1,
      "18":0,
      "19":1,
      "20":0,
      "21":1,
      "22":0,
      "23":1,
      "24":0,
      "25":1,
      "26":0,
      "27":1,
      "28":0,
      "29":1,
      "30":0,
      "31":1,
      "32":0,
      "33":1,
      "34":1,
      "35":0,
      "36":0,
      "37":1,
      "38":1,
      "39":0,
      "40":0,
      "41":1,
      "42":0,
      "43":1,
      "44":0,
      "45":1,
      "46":0,
      "47":1,
      "48":0,
      "49":1,
      "50":0,
      "51":1,
      "52":1,
      "53":0,
      "54":0,
      "55":0,
      "56":1,
      "57":0,
      "58":1,
      "59":0,
      "60":1,
      "61":0,
      "62":0,
      "63":0,
      "64":1,
      "65":0,
      "66":0,
      "67":1,
      "68":0,
      "69":0,
      "70":1,
      "71":0
    },
    "1":{
      "0":1,
      "1":0,
      "2":0,
      "3":0,
      "4":0,
      "5":0,
      "6":1,
      "7":0,
      "8":1,
      "9":0,
      "10":0,
      "11":1,
      "12":0,
      "13":0,
      "14":1,
      "15":0,
      "16":0,
      "17":1,
      "18":0,
      "19":1,
      "20":0,
      "21":1,
      "22":0,
      "23":1,
      "24":0,
      "25":1,
      "26":0,
      "27":1,
      "28":0,
      "29":1,
      "30":0,
      "31":1,
      "32":0,
      "33":1,
      "34":1,
      "35":0,
      "36":0,
      "37":1,
      "38":1,
      "39":0,
      "40":0,
      "41":1,
      "42":0,
      "43":1,
      "44":0,
      "45":1,
      "46":0,
      "47":0,
      "48":0,
      "49":1,
      "50":0,
      "51":1,
      "52":1,
      "53":0,
      "54":0,
      "55":0,
      "56":1,
      "57":0,
      "58":1,
      "59":0,
      "60":1,
      "61":0,
      "62":0,
      "63":1,
      "64":1,
      "65":0,
      "66":0,
      "67":1,
      "68":0,
      "69":0,
      "70":1,
      "71":0
    }
  },
  "energy":{
    "2":-9.3780311839,
    "0":-9.355910826,
    "1":-9.2543229856
  },
  "num_occurrences":{
    "2":1,
    "0":1,
    "1":1
  }
}