{
  "sample":{
    "0":{
      "0":0,
      "1":0,
      "2":0,
      "3":0,
      "4":0,
      "5":0,
      "6":0,
      "7":0,
      "8":1,
      "9":0,
      "10":0,
      "11":0,
      "12":1,
      "13":0,
      "14":0,
      "15":0,
      "16":0,
      "17":1,
      "18":0,
      "19":1,
      "20":1,
      "21":0,
      "22":0,
      "23":1,
      "24":1,
      "25":0,
      "26":1,
      "27":0,
      "28":0,
      "29":0,
      "30":0,
      "31":1,
      "32":0,
      "33":0,
      "34":1,
      "35":0,
      "36":1,
      "37":0,
      "38":0,
      "39":1,
      "40":0,
      "41":0,
      "42":0,
      "43":1,
      "44":0,
      "45":1,
      "46":0,
      "47":1,
      "48":0,
      "49":1
    },
    "1":{
      "0":0,
      "1":0,
      "2":0,
      "3":0,
      "4":0,
      "5":0,
      "6":0,
      "7":0,
      "8":0,
      "9":1,
      "10":0,
      "11":1,
      "12":1,
      "13":0,
      "14":1,
      "15":0,
      "16":0,
      "17":1,
      "18":0,
      "19":1,
      "20":0,
      "21":0,
      "22":1,
      "23":0,
      "24":1,
      "25":0,
      "26":1,
      "27":0,
      "28":0,
      "29":0,
      "30":0,
      "31":1,
      "32":0,
      "33":0,
      "34":0,
      "35":1,
      "36":1,
      "37":0,
      "38":0,
      "39":0,
      "40":0,
      "41":0,
      "42":0,
      "43":1,
      "44":0,
      "45":1,
      "46":1,
      "47":0,
      "48":0,
      "49":1
    },
    "5":{
      "0":0,
      "1":0,
      "2":0,
      "3":0,
      "4":0,
      "5":0,
      "6":0,
      "7":0,
      "8":1,
      "9":0,
      "10":0,
      "11":0,
      "12":1,
      "13":0,
      "14":0,
      "15":1,
      "16":0,
      "17":1,
      "18":0,
      "19":1,
      "20":0,
      "21":1,
      "22":1,
      "23":0,
      "24":1,
      "25":0,
      "26":1,
      "27":0,
      "28":0,
      "29":0,
      "30":0,
      "31":1,
      "32":0,
      "33":0,
      "34":1,
      "35":0,
      "36":1,
      "37":0,
      "38":0,
      "39":1,
      "40":0,
      "41":0,
      "42":0,
      "43":1,
      "44":0,
      "45":0,
      "46":0,
      "47":1,
      "48":0,
      "49":1
    },
    "2":{
      "0":1,
      "1":1,
      "2":0,
      "3":0,
      "4":1,
      "5":0,
      "6":0,
      "7":0,
      "8":0,
      "9":0,
      "10":0,
      "11":0,
      "12":0,
      "13":0,
      "14":0,
      "15":0,
      "16":0,
      "17":0,
      "18":1,
      "19":1,
      "20":0,
      "21":0,
      "22":0,
      "23":1,
      "24":0,
      "25":0,
      "26":0,
      "27":0,
      "28":1,
      "29":1,
      "30":1,
      "31":1,
      "32":0,
      "33":0,
      "34":0,
      "35":1,
      "36":0,
      "37":0,
      "38":0,
      "39":0,
      "40":1,
      "41":1,
      "42":1,
      "43":1,
      "44":0,
      "45":0,
      "46":0,
      "47":1,
      "48":0,
      "49":0
    },
    "3":{
      "0":1,
      "1":1,
      "2":0,
      "3":0,
      "4":1,
      "5":1,
      "6":0,
      "7":0,
      "8":0,
      "9":0,
      "10":0,
      "11":0,
      "12":0,
      "13":0,
      "14":0,
      "15":0,
      "16":0,
      "17":0,
      "18":1,
      "19":1,
      "20":0,
      "21":0,
      "22":0,
      "23":1,
      "24":0,
      "25":0,
      "26":0,
      "27":0,
      "28":0,
      "29":1,
      "30":1,
      "31":1,
      "32":0,
      "33":0,
      "34":1,
      "35":0,
      "36":0,
      "37":0,
      "38":0,
      "39":0,
      "40":1,
      "41":1,
      "42":1,
      "43":1,
      "44":0,
      "45":0,
      "46":0,
      "47":1,
      "48":0,
      "49":0
    },
    "4":{
      "0":1,
      "1":1,
      "2":0,
      "3":0,
      "4":1,
      "5":1,
      "6":0,
      "7":0,
      "8":0,
      "9":0,
      "10":0,
      "11":0,
      "12":0,
      "13":0,
      "14":0,
      "15":0,
      "16":0,
      "17":0,
      "18":1,
      "19":1,
      "20":0,
      "21":0,
      "22":0,
      "23":1,
      "24":0,
      "25":0,
      "26":0,
      "27":0,
      "28":1,
      "29":1,
      "30":1,
      "31":0,
      "32":0,
      "33":0,
      "34":1,
      "35":0,
      "36":0,
      "37":1,
      "38":0,
      "39":0,
      "40":0,
      "41":1,
      "42":1,
      "43":1,
      "44":0,
      "45":0,
      "46":0,
      "47":1,
      "48":0,
      "49":0
    }
  },
  "energy":{
    "0":-267.4431037903,
    "1":-267.4431037903,
    "5":-267.4431037903,
    "2":-262.5043973923,
    "3":-262.3435993195,
    "4":-262.1729478836
  },
  "num_occurrences":{
    "0":1,
    "1":1,
    "5":1,
    "2":1,
    "3":1,
    "4":1
  }
}