{
  "sample":{
    "0":{
      "0":0,
      "1":0,
      "2":0,
      "3":0,
      "4":1,
      "5":0,
      "6":0,
      "7":1,
      "8":0,
      "9":1,
      "10":1,
      "11":0,
      "12":1,
      "13":0,
      "14":0,
      "15":0,
      "16":0,
      "17":1,
      "18":1,
      "19":0,
      "20":0,
      "21":1,
      "22":1,
      "23":0,
      "24":1,
      "25":0,
      "26":1,
      "27":0,
      "28":0,
      "29":1,
      "30":1,
      "31":0,
      "32":0,
      "33":1,
      "34":0,
      "35":1,
      "36":0,
      "37":1,
      "38":0,
      "39":1,
      "40":1,
      "41":0,
      "42":0,
      "43":1,
      "44":0,
      "45":1,
      "46":1,
      "47":0,
      "48":1,
      "49":0,
      "50":0,
      "51":1,
      "52":0,
      "53":1,
      "54":1,
      "55":0,
      "56":0,
      "57":0,
      "58":0,
      "59":0,
      "60":0,
      "61":1,
      "62":0,
      "63":1,
      "64":0,
      "65":1,
      "66":0,
      "67":1,
      "68":0,
      "69":1,
      "70":0,
      "71":0
    },
    "1":{
      "0":0,
      "1":0,
      "2":1,
      "3":0,
      "4":1,
      "5":0,
      "6":0,
      "7":1,
      "8":0,
      "9":1,
      "10":1,
      "11":0,
      "12":0,
      "13":0,
      "14":0,
      "15":0,
      "16":0,
      "17":1,
      "18":0,
      "19":1,
      "20":0,
      "21":1,
      "22":0,
      "23":1,
      "24":1,
      "25":0,
      "26":1,
      "27":0,
      "28":1,
      "29":0,
      "30":1,
      "31":0,
      "32":1,
      "33":0,
      "34":0,
      "35":1,
      "36":0,
      "37":1,
      "38":0,
      "39":1,
      "40":1,
      "41":0,
      "42":0,
      "43":1,
      "44":0,
      "45":1,
      "46":1,
      "47":0,
      "48":1,
      "49":0,
      "50":0,
      "51":1,
      "52":0,
      "53":1,
      "54":1,
      "55":0,
      "56":0,
      "57":0,
      "58":0,
      "59":0,
      "60":0,
      "61":1,
      "62":0,
      "63":1,
      "64":0,
      "65":1,
      "66":0,
      "67":1,
      "68":0,
      "69":1,
      "70":0,
      "71":0
    },
    "2":{
      "0":0,
      "1":0,
      "2":1,
      "3":0,
      "4":1,
      "5":0,
      "6":0,
      "7":1,
      "8":0,
      "9":1,
      "10":1,
      "11":0,
      "12":0,
      "13":0,
      "14":0,
      "15":0,
      "16":0,
      "17":1,
      "18":0,
      "19":1,
      "20":0,
      "21":1,
      "22":0,
      "23":1,
      "24":1,
      "25":0,
      "26":1,
      "27":0,
      "28":1,
      "29":0,
      "30":1,
      "31":0,
      "32":1,
      "33":0,
      "34":0,
      "35":1,
      "36":0,
      "37":1,
      "38":0,
      "39":1,
      "40":1,
      "41":0,
      "42":0,
      "43":1,
      "44":0,
      "45":1,
      "46":1,
      "47":0,
      "48":1,
      "49":0,
      "50":0,
      "51":1,
      "52":0,
      "53":1,
      "54":1,
      "55":0,
      "56":0,
      "57":0,
      "58":0,
      "59":0,
      "60":0,
      "61":1,
      "62":0,
      "63":1,
      "64":0,
      "65":1,
      "66":0,
      "67":1,
      "68":0,
      "69":1,
      "70":0,
      "71":0
    }
  },
  "energy":{
    "0":-953.3578681946,
    "1":-953.3578681946,
    "2":-953.3578681946
  },
  "num_occurrences":{
    "0":1,
    "1":1,
    "2":1
  }
}