{
  "sample":{
    "0":{
      "0":0,
      "1":1,
      "2":0,
      "3":0,
      "4":0,
      "5":1,
      "6":1,
      "7":0,
      "8":0,
      "9":1,
      "10":0,
      "11":1,
      "12":1,
      "13":0,
      "14":0,
      "15":0,
      "16":1,
      "17":0,
      "18":0,
      "19":0,
      "20":0,
      "21":0,
      "22":1,
      "23":0,
      "24":0,
      "25":0,
      "26":1,
      "27":0,
      "28":0,
      "29":0,
      "30":0,
      "31":1
    },
    "1":{
      "0":0,
      "1":0,
      "2":0,
      "3":1,
      "4":0,
      "5":0,
      "6":1,
      "7":0,
      "8":0,
      "9":0,
      "10":0,
      "11":0,
      "12":1,
      "13":0,
      "14":0,
      "15":1,
      "16":1,
      "17":0,
      "18":0,
      "19":1,
      "20":0,
      "21":0,
      "22":1,
      "23":0,
      "24":0,
      "25":1,
      "26":1,
      "27":0,
      "28":0,
      "29":1,
      "30":0,
      "31":0
    },
    "2":{
      "0":0,
      "1":1,
      "2":0,
      "3":1,
      "4":0,
      "5":1,
      "6":1,
      "7":0,
      "8":0,
      "9":0,
      "10":0,
      "11":1,
      "12":1,
      "13":0,
      "14":0,
      "15":0,
      "16":1,
      "17":0,
      "18":0,
      "19":0,
      "20":0,
      "21":0,
      "22":1,
      "23":0,
      "24":0,
      "25":0,
      "26":1,
      "27":0,
      "28":0,
      "29":0,
      "30":0,
      "31":1
    }
  },
  "energy":{
    "0":-106.4144802094,
    "1":-106.4144802094,
    "2":-106.4144802094
  },
  "num_occurrences":{
    "0":1,
    "1":1,
    "2":1
  }
}