{
  "cycle":{
    "0":0,
    "1":1,
    "2":2,
    "3":3,
    "4":4,
    "5":5,
    "6":6,
    "7":7,
    "8":8,
    "9":9
  },
  "mean_dist":{
    "0":0.9782128719,
    "1":0.4000254744,
    "2":0.4000254744,
    "3":0.4000254744,
    "4":0.4000254744,
    "5":0.4000254744,
    "6":0.4000254744,
    "7":0.4000254744,
    "8":0.4000254744,
    "9":0.4000254744
  },
  "std_dist":{
    "0":0.3460515773,
    "1":0.0,
    "2":0.0,
    "3":0.0,
    "4":0.0,
    "5":0.0,
    "6":0.0,
    "7":0.0,
    "8":0.0,
    "9":0.0
  }
}