{
  "cycle":{
    "0":0,
    "1":1,
    "2":2,
    "3":3,
    "4":4,
    "5":5,
    "6":6,
    "7":7,
    "8":8,
    "9":9
  },
  "mean_dist":{
    "0":0.3339115888,
    "1":0.1338725431,
    "2":0.0922362082,
    "3":0.0922362082,
    "4":0.0922362082,
    "5":0.0922362082,
    "6":0.0922362082,
    "7":0.0922362082,
    "8":0.0922362082,
    "9":0.0922362082
  },
  "std_dist":{
    "0":0.08036653,
    "1":0.0517885241,
    "2":0.0,
    "3":0.0,
    "4":0.0,
    "5":0.0,
    "6":0.0,
    "7":0.0,
    "8":0.0,
    "9":0.0
  }
}