{
  "sample":{
    "0":{
      "0":0,
      "1":0,
      "2":1,
      "3":0,
      "4":0,
      "5":0,
      "6":0,
      "7":0,
      "8":1,
      "9":0,
      "10":1,
      "11":0,
      "12":0,
      "13":1,
      "14":0,
      "15":1,
      "16":0,
      "17":1,
      "18":0,
      "19":1,
      "20":1,
      "21":0,
      "22":0,
      "23":0,
      "24":0,
      "25":0,
      "26":0,
      "27":0,
      "28":1,
      "29":0,
      "30":0,
      "31":1
    },
    "1":{
      "0":0,
      "1":0,
      "2":1,
      "3":0,
      "4":0,
      "5":0,
      "6":0,
      "7":0,
      "8":1,
      "9":0,
      "10":0,
      "11":1,
      "12":0,
      "13":1,
      "14":0,
      "15":1,
      "16":0,
      "17":1,
      "18":0,
      "19":1,
      "20":1,
      "21":0,
      "22":0,
      "23":0,
      "24":1,
      "25":0,
      "26":0,
      "27":0,
      "28":0,
      "29":0,
      "30":1,
      "31":0
    },
    "2":{
      "0":0,
      "1":0,
      "2":1,
      "3":0,
      "4":0,
      "5":0,
      "6":0,
      "7":0,
      "8":1,
      "9":0,
      "10":0,
      "11":0,
      "12":0,
      "13":1,
      "14":0,
      "15":1,
      "16":0,
      "17":1,
      "18":0,
      "19":1,
      "20":1,
      "21":0,
      "22":0,
      "23":0,
      "24":1,
      "25":0,
      "26":0,
      "27":0,
      "28":0,
      "29":1,
      "30":1,
      "31":0
    }
  },
  "energy":{
    "0":-106.731171608,
    "1":-106.731171608,
    "2":-106.731171608
  },
  "num_occurrences":{
    "0":1,
    "1":1,
    "2":1
  }
}