{
  "sample":{
    "0":{
      "0":0,
      "1":1,
      "2":0,
      "3":0,
      "4":1,
      "5":0,
      "6":0,
      "7":1,
      "8":0,
      "9":1,
      "10":0,
      "11":0,
      "12":0,
      "13":0,
      "14":0,
      "15":1,
      "16":1,
      "17":0,
      "18":1,
      "19":0,
      "20":1,
      "21":0,
      "22":1,
      "23":0,
      "24":1,
      "25":0,
      "26":0,
      "27":0,
      "28":1,
      "29":0,
      "30":1,
      "31":0,
      "32":1,
      "33":0,
      "34":0,
      "35":1,
      "36":1,
      "37":0,
      "38":0,
      "39":1,
      "40":0,
      "41":1,
      "42":0,
      "43":0,
      "44":1,
      "45":0,
      "46":0,
      "47":1,
      "48":0,
      "49":1,
      "50":0,
      "51":1,
      "52":0,
      "53":1,
      "54":0,
      "55":1,
      "56":0,
      "57":1,
      "58":0,
      "59":1,
      "60":0,
      "61":1,
      "62":0,
      "63":0,
      "64":0,
      "65":1,
      "66":1,
      "67":0,
      "68":0,
      "69":1,
      "70":0,
      "71":1
    },
    "1":{
      "0":0,
      "1":1,
      "2":0,
      "3":0,
      "4":0,
      "5":1,
      "6":0,
      "7":1,
      "8":0,
      "9":1,
      "10":0,
      "11":1,
      "12":0,
      "13":0,
      "14":0,
      "15":1,
      "16":0,
      "17":1,
      "18":1,
      "19":0,
      "20":1,
      "21":0,
      "22":1,
      "23":0,
      "24":0,
      "25":1,
      "26":0,
      "27":1,
      "28":1,
      "29":0,
      "30":1,
      "31":0,
      "32":1,
      "33":0,
      "34":0,
      "35":1,
      "36":0,
      "37":0,
      "38":0,
      "39":1,
      "40":0,
      "41":0,
      "42":1,
      "43":0,
      "44":1,
      "45":0,
      "46":1,
      "47":0,
      "48":0,
      "49":0,
      "50":1,
      "51":0,
      "52":0,
      "53":1,
      "54":1,
      "55":0,
      "56":0,
      "57":1,
      "58":0,
      "59":1,
      "60":0,
      "61":1,
      "62":0,
      "63":1,
      "64":0,
      "65":1,
      "66":1,
      "67":0,
      "68":0,
      "69":0,
      "70":0,
      "71":1
    },
    "2":{
      "0":0,
      "1":1,
      "2":0,
      "3":0,
      "4":0,
      "5":0,
      "6":0,
      "7":1,
      "8":0,
      "9":1,
      "10":1,
      "11":0,
      "12":0,
      "13":0,
      "14":0,
      "15":1,
      "16":1,
      "17":0,
      "18":1,
      "19":0,
      "20":1,
      "21":0,
      "22":1,
      "23":0,
      "24":1,
      "25":0,
      "26":1,
      "27":0,
      "28":1,
      "29":0,
      "30":1,
      "31":0,
      "32":1,
      "33":0,
      "34":0,
      "35":1,
      "36":1,
      "37":0,
      "38":0,
      "39":1,
      "40":0,
      "41":1,
      "42":0,
      "43":0,
      "44":1,
      "45":0,
      "46":0,
      "47":1,
      "48":0,
      "49":1,
      "50":0,
      "51":1,
      "52":0,
      "53":1,
      "54":0,
      "55":1,
      "56":0,
      "57":1,
      "58":0,
      "59":1,
      "60":0,
      "61":1,
      "62":0,
      "63":0,
      "64":0,
      "65":1,
      "66":0,
      "67":0,
      "68":0,
      "69":1,
      "70":0,
      "71":1
    }
  },
  "energy":{
    "0":-952.239112854,
    "1":-952.2390975952,
    "2":-952.1417541504
  },
  "num_occurrences":{
    "0":1,
    "1":1,
    "2":1
  }
}