{
  "sample":{
    "2":{
      "0":0,
      "1":1,
      "2":0,
      "3":1,
      "4":0,
      "5":1,
      "6":1,
      "7":0,
      "8":0,
      "9":0,
      "10":0,
      "11":1,
      "12":0,
      "13":1,
      "14":1,
      "15":0,
      "16":0,
      "17":0,
      "18":0,
      "19":0,
      "20":1,
      "21":0,
      "22":0,
      "23":0,
      "24":1,
      "25":0,
      "26":0,
      "27":1,
      "28":0,
      "29":1,
      "30":0,
      "31":0,
      "32":0,
      "33":0,
      "34":0,
      "35":0,
      "36":0,
      "37":1,
      "38":1,
      "39":0,
      "40":0,
      "41":1,
      "42":0,
      "43":0,
      "44":1,
      "45":0,
      "46":0,
      "47":0,
      "48":1,
      "49":0
    },
    "0":{
      "0":0,
      "1":1,
      "2":0,
      "3":1,
      "4":0,
      "5":1,
      "6":1,
      "7":0,
      "8":0,
      "9":0,
      "10":0,
      "11":1,
      "12":0,
      "13":1,
      "14":1,
      "15":0,
      "16":0,
      "17":0,
      "18":0,
      "19":0,
      "20":1,
      "21":0,
      "22":0,
      "23":0,
      "24":0,
      "25":1,
      "26":0,
      "27":1,
      "28":0,
      "29":1,
      "30":0,
      "31":0,
      "32":0,
      "33":0,
      "34":0,
      "35":0,
      "36":1,
      "37":0,
      "38":1,
      "39":0,
      "40":0,
      "41":1,
      "42":0,
      "43":0,
      "44":1,
      "45":0,
      "46":0,
      "47":0,
      "48":1,
      "49":0
    },
    "1":{
      "0":0,
      "1":1,
      "2":0,
      "3":1,
      "4":0,
      "5":1,
      "6":1,
      "7":0,
      "8":0,
      "9":0,
      "10":0,
      "11":1,
      "12":0,
      "13":1,
      "14":0,
      "15":0,
      "16":0,
      "17":0,
      "18":0,
      "19":0,
      "20":0,
      "21":1,
      "22":0,
      "23":0,
      "24":1,
      "25":0,
      "26":1,
      "27":0,
      "28":0,
      "29":1,
      "30":0,
      "31":0,
      "32":1,
      "33":0,
      "34":0,
      "35":0,
      "36":0,
      "37":1,
      "38":1,
      "39":0,
      "40":0,
      "41":1,
      "42":0,
      "43":0,
      "44":1,
      "45":0,
      "46":0,
      "47":0,
      "48":1,
      "49":0
    }
  },
  "energy":{
    "2":-268.8154532909,
    "0":-268.8154532909,
    "1":-268.8154532909
  },
  "num_occurrences":{
    "2":1,
    "0":1,
    "1":1
  }
}